{"cameraMode":{"drawMode":0,"name":"Shaded","section":"Shading Mode"},"sceneLighting":true,"audioPlay":false,"sceneViewState":{"m_AlwaysRefresh":false,"showFog":true,"showSkybox":true,"showFlares":true,"showImageEffects":true,"showParticleSystems":true,"showVisualEffectGraphs":true,"m_FxEnabled":true},"in2DMode":false,"pivot":{"x":-471.3438720703125,"y":-113.61506652832031,"z":-132.51905822753907},"rotation":{"x":-0.040791064500808719,"y":0.02307976596057415,"z":-0.000904127664398402,"w":-0.9989539384841919},"size":95.04955291748047,"orthographic":false}